millisecond,keyindex
0.431988000869751,120
0.3199121952056885,120
0.2561337947845459,120
